Language,AppName,ShortDescription,FullDescription
"en","Happy Dances: Toddler Ballet","Playful toddler ballet, dance lessons, stories, & daily creative movement quests.","Welcome to Happy Dances! A magical, offline-first ballet and creative movement learning studio designed especially for toddlers, kids, and families. 

★ A SAFE & PLAYFUL SPACE FOR YOUNG DANCERS ★
Designed in alignment with early childhood physical development standards, Happy Dances introduces ballet basics and rhythmic coordination through playful gameplay, interactive music loops, and enchanted story-driven journeys. 

FEATURES COMPACTED FOR BIG IMAGINATIONS:
• Interactive Story Map: Embark on themed journeys tailored to toddler and preschool age groups. Perfect for ages 3 to 12!
• Classical Melody Synth: An interactive, toddler-friendly music bar lets kids play, pause, and speed up classical melodies.
• Digital Achievements & Badges: Reward milestones like the ""Star Dancer"" and ""Stretch Master"" with offline trophies and printable certificates.
• Guided Audio Coach: Rich, kid-friendly voice instructions describe ballet steps clearly, supporting speech and physical coordination.
• Day / Night Twilight Theme: Switch between a bright, sunny daytime dance studio and a cozy evening twilight theme designed to prevent eye strain.
• Daily Creative Quests & Reminders: Simple, healthy daily balance exercises and warm-up stretches that keep active routines engaging.

100% PRIVATE & OFFLINE
This app is completely offline. No registration, no ads, no trackers, and no cloud-data syncing. Camera and microphone access are used exclusively for local interaction feedback, ensuring a 100% safe environment."
"de","Happy Dances: Kinder Ballett","Spielerisches Kinderballett, Tanzstunden, Geschichten & tägliche Bewegung.","Willkommen bei Happy Dances! Ein zauberhaftes, offline-first Ballett- und Bewegungsstudio, das speziell für Kleinkinder, Kinder und Familien entwickelt wurde.

★ EIN SICHERER & SPIELERISCHER RAUM FÜR JUNGE TÄNZER ★
Happy Dances wurde in Abstimmung mit Standards für die frühkindliche Entwicklung entwickelt und führt spielerisch in die Grundlagen des Balletts und der rhythmischen Koordination ein.

FEATURES FÜR PHANTASIEVOLLE KINDER:
• Interaktive Abenteuerkarte: Begeben Sie sich auf Themenreisen, die auf Kleinkinder und Vorschulkinder zugeschnitten sind (3–12 Jahre).
• Klassischer Melodien-Synthesizer: Eine kindgerechte Musikleiste ermöglicht das Abspielen, Pausieren und Anpassen klassischer Melodien.
• Digitale Abzeichen & Erfolge: Belohnen Sie Meilensteine wie ""Star Dancer"" mit Trophäen und ausdruckbaren Zertifikaten.
• Geführter Audio-Coach: Kindgerechte Sprachanweisungen beschreiben Ballettschritte klar und unterstützen die Koordination.
• Tag- und Nachtmodus: Wechseln Sie zwischen einem hellen Studio und einem gemütlichen Abend-Thema zum Schutz der Augen.
• Tägliche kreative Quests: Einfache, gesunde tägliche Balanceübungen und spielerische Dehnübungen zum Aufwärmen.

100% PRIVAT & OFFLINE
Diese App funktioniert vollständig offline. Keine Registrierung, keine Werbung, keine Tracker. Kamera- und Mikrofonzugriffe werden ausschließlich lokal verarbeitet."
"es","Happy Dances: Ballet Infantil","Ballet infantil, lecciones de danza, cuentos y movimiento creativo diario.","¡Bienvenido a Happy Dances! Un estudio mágico de ballet y movimiento creativo para niños pequeños, diseñado para funcionar 100% sin conexión.

★ UN ESPACIO SEGURO Y DIVERTIDO PARA JÓVENES BAILARINES ★
Happy Dances introduce los conceptos básicos del ballet y la coordinación rítmica a través de lecciones de danza lúdicas, bucles de música clásica y viajes interactivos de cuentos.

CARACTERÍSTICAS DISEÑADAS PARA GRANDES IMAGINACIONES:
• Mapa Interactivo: Embárcate en aventuras temáticas adaptadas a grupos de edad desde los 3 hasta los 12 años.
• Sintetizador de Melodías Clásicas: Una barra de música interactiva que permite reproducir, pausar y acelerar ritmos.
• Insignias y Logros Digitales: Recompensa hitos como ""Estrella de la Danza"" con trofeos locales y certificados para imprimir.
• Entrenador de Audio Guiado: Instrucciones de voz claras y adaptadas a los niños para describir los pasos de ballet.
• Modo Día / Noche: Alterna entre un estudio iluminado por el sol y un lienzo de noche para evitar la fatiga visual.
• Desafíos Diarios: Ejercicios de equilibrio y estiramientos divertidos que motivan rutinas activas saludables.

100% PRIVADO Y SIN CONEXIÓN
Esta aplicación funciona completamente sin conexión. Sin registros, sin anuncios, sin rastreadores. El acceso a cámara y micrófono se usa únicamente para interacción local en tiempo real."
"fr","Happy Dances: Ballet Enfant","Ballet ludique, cours de danse, histoires et mouvements créatifs quotidiens.","Bienvenue dans Happy Dances ! Un studio magique d'initiation au ballet et au mouvement créatif, conçu spécifiquement pour les tout-petits, les enfants et les familles.

★ UN ESPACE SÉCURISÉ ET LUDIQUE POUR LES JEUNES DANSEURS ★
Happy Dances introduit les bases de la danse classique et de la coordination rythmique à travers des cours ludiques et des voyages enchantés inspirés des contes.

DES FONCTIONNALITÉS POUR LES GRANDES IMAGINATIONS :
• Carte Interactive : Embarquez pour des voyages thématiques adaptés aux tranches d'âge de 3 à 12 ans.
• Synthétiseur de Mélodies Classiques : Une barre musicale interactive permet de lire, de mettre en pause et de régler le tempo.
• Badges et Succès Digitaux : Récompensez les étapes clés comme ""Étoile de la Danse"" avec des trophées locaux et des certificats imprimables.
• Coach Audio Guidé : Des instructions vocales adaptées aux enfants décrivent clairement les pas de danse.
• Mode Jour / Nuit : Basculez entre un studio de danse ensoleillé et un thème crépusculaire doux pour protéger les yeux.
• Quêtes Créatives Quotidiennes : Des étirements ludiques et des exercices d'équilibre simples pour encourager une routine saine.

100% PRIVÉ ET HORS LIGNE
Cette application fonctionne entièrement hors ligne. Sans inscription, sans publicité, sans aucun traqueur. Les accès caméra et micro sont uniquement traités localement."
